Document_ID,Clean_Text,Sentiment
1,murphi except,Neutral
2,challeng watch sure worthwhil one,Positive
3,qualiti exhaust,Neutral
4,oscar goe,Neutral
5,brilliantli layer examin man throughout incred accomplish fundament flaw,Neutral
6,nolan touch great fall slightli short,Positive
7,,Neutral
8,masterpiec,Neutral
9,nolan deliv powerful biopic show dark side human natur,Positive
10,might interest topic get,Neutral
11,cinemat masterpiec christoph nolan,Neutral
12,break filmmaklng rule good way,Positive
13,highli overr,Neutral
14,sever overhyp,Neutral
15,nolan best,Positive
16,except storytel geniu cinametographi,Neutral
17,simpli amaz,Neutral
18,technic superb,Positive
19,cinemat masterpiec,Neutral
20,quit bore,Neutral
21,good movi dont let nolan fan fool,Positive
22,loud long,Positive
23,less would,Negative
24,oppenborem,Neutral
25,brilliant masterpiec cut core human fear,Positive
26,tale american prometheu,Neutral
27,murphi nolan explos combin,Neutral
28,futur classic extrem import movi present day,Positive
29,movi bomb,Neutral
30,realli sure think,Positive
31,wish could say blast,Neutral
32,realli great movi christoph nolan,Positive
33,doubt well made stori overal bore,Neutral
34,amount dramat music quick cut could convinc entertain,Positive
35,mix feel,Neutral
36,oppenheim movi definit type topic isnt someth im mostli interest nevertheless almost touch cinemat perfect,Positive
37,cillan great actor realis,Positive
38,movi year,Neutral
39,film decad,Neutral
40,mr nolan amaz legend,Neutral
41,wist regret physic might,Neutral
42,noth special,Positive
43,watch imax,Neutral
44,stori secur clearanc,Neutral
45,disappoint,Neutral
46,murphi amaz downey jr steal show,Neutral
47,nolan best far,Positive
48,eye look full fear regret guilt,Positive
49,hang tight,Negative
50,nolan possibl best,Positive
51,great nolan work,Positive
52,half hour long miss point,Negative
53,becom death destroy world,Negative
54,dud,Neutral
55,bloat talki unnecessarili complic,Neutral
56,overlong overcompl,Neutral
57,oppenheim jamison slabaugh,Neutral
58,mini seri would better way go,Positive
59,interest long,Negative
60,ye,Neutral
61,christoph nolan filmmak craft entir seri within threehour movi,Neutral
62,stun put time capsul,Neutral
63,much tell less show,Positive
64,one masterpiec,Neutral
65,properti theft kid,Neutral
66,confus,Neutral
67,disappoint grossli overhyp sad film,Negative
68,gener takeaway,Neutral
69,im gonna keep super simpl cinema,Positive
70,best movi,Positive
71,anoth masterpiec christoph nolan,Neutral
72,sheer brillianc christoph nolan,Neutral
73,mostli bore pain,Neutral
74,your scienc geek,Neutral
75,overr,Neutral
76,late hour cinema screen wont miss anyth,Negative
77,due timelin jump exhaust watch,Negative
78,cinemat event,Neutral
79,authent masterpiec human explor,Neutral
80,nolan truli outdon,Neutral
81,oppenheim victim bare acknowledg,Negative
82,singl bad perform,Negative
83,oppenheim cinemat masterpiec reson,Neutral
84,act outstand stori drag,Negative
85,amaz,Neutral
86,sometim movi tri mention everyth end say noth,Neutral
87,movi feel like sit anoth comani execut board meet hour listen blabbl,Neutral
88,phenomen,Neutral
89,nolan person best screenplay,Positive
90,superior filmmak histor storytel,Positive
91,stori artist perfect,Positive
92,check heart rate,Neutral
93,academi award written allov,Neutral
94,good ultim disappoint,Positive
95,cillian murphi deserv oscar,Neutral
96,unfortun didnt live hype,Positive
97,disappoint,Neutral
98,either dont understand art grown old,Positive
99,,Neutral
100,amaz histor film,Neutral
101,best actor goe cillian murphi,Positive
102,brilliant roller coaster,Positive
103,excel,Neutral
104,strong middl first third act bore,Positive
105,beauti brilliant bifurc,Positive
106,great perform underwhelm courtroom drama,Positive
107,overr mile,Neutral
108,oppenyawn,Neutral
109,cinemat triumph unravel soul man behind bomb,Negative
110,visual stun emot captiv journey histori,Neutral
111,awesom,Neutral
112,must see,Neutral
113,great histori,Positive
114,oppenheim christoph nolan deep dive life atom age complex pioneer,Negative
115,unnecessarili lengthi,Neutral
116,master portrait oppenheim nolan stellar triumph,Positive
117,nolan fail,Negative
118,disappoint,Neutral
119,dude felt weight world shoulder,Neutral
120,oppenheim,Neutral
121,pull credit roll,Neutral
122,worth effort,Positive
123,solid,Neutral
124,close perfect,Positive
125,okay ill bad guy reject masterpiec peopl claim,Negative
126,fission fusion oscar,Neutral
127,movi requir,Neutral
128,nonstop background music ruin,Neutral
129,overr movi,Neutral
130,kept engag throughout,Neutral
131,believ,Neutral
132,better expect hour peopl talk,Positive
133,execut perfect one themat flaw,Positive
134,oppenheim absolut thought provok cinemat masterpiec,Neutral
135,great act long complic,Positive
136,best ever,Positive
137,worth extra money spent imax,Positive
138,long littl draw interest,Negative
139,unwatch,Neutral
140,good good,Positive
141,,Neutral
142,tik tok era appar,Neutral
143,cinemat masterpiec,Neutral
144,oppenheim,Neutral
145,peopl chang world like oppenheim cant complic,Neutral
146,lot hype,Neutral
147,best film ive ever seen nolan outdon,Positive
148,stori doesnt fit form,Positive
149,unnecessarili complic,Neutral
150,wont would,Neutral
151,muse death stuff,Neutral
152,fabul everyon,Neutral
153,cinemat masterpiec,Neutral
154,realiti engulf nolan magic,Positive
155,christoph nolan best film far,Positive
156,great part well made long kind dull didnt care charact,Positive
157,nolan film,Neutral
158,mediocr best,Positive
159,consid warn,Neutral
160,great film lack pace drama,Positive
161,mean justifi end,Negative
162,wont fear understand wont understand theyv use theori take far,Positive
163,greatest movi ill never watch,Positive
164,oppenheim,Neutral
165,oppenheim honest review,Positive
166,triumph,Neutral
167,cspan excit senat confirm hear,Neutral
168,utterli bore disappoint,Neutral
169,tough watch,Negative
170,oppenheim good film great,Positive
171,three nailbit hour,Neutral
172,movi worth watch,Positive
173,new leagu cinema,Positive
174,bravo bravo bravo,Neutral
175,incred,Neutral
176,disappoint,Neutral
177,particl world collid,Neutral
178,excel act ruin excess pace,Neutral
179,top rate,Positive
180,nolan fall short,Neutral
181,walt watch,Neutral
182,must see,Neutral
183,film big screen,Neutral
184,astonish accomplish,Neutral
185,great epic uniqu biopic everyon,Positive
186,weight inform,Neutral
187,histor drama without accur histori,Neutral
188,bomb play film,Neutral
189,bore,Neutral
190,practic overhyp film centuri,Neutral
191,way long,Negative
192,power film,Neutral
193,good movi,Positive
194,anoth christoph nolan gem someth feel bit pace portray,Neutral
195,oppenheim,Neutral
196,becom death destroy world,Negative
197,messag,Neutral
198,beyond expect,Neutral
199,highli overr good act slow,Positive
200,miss someth,Neutral
201,total overhyp,Neutral
202,good rendit fascin histor tale,Positive
203,film deep complex,Negative
204,cinemat brillianc atom scale,Neutral
205,usual read book first,Neutral
206,cillian final get deserv,Neutral
207,scene cut jar,Neutral
208,unlik woman build bomb,Neutral
209,good movi polit,Positive
210,soundtrack need realli quiet sometim,Neutral
211,pearl swine,Neutral
212,learn proper dutch next time,Neutral
213,stagger achiev,Neutral
214,film year biopic like,Neutral
215,master display act brillianc audiovisu spectacl,Neutral
216,brilliant bio deepli flaw geniu,Positive
217,im still process good film three day saw,Positive
218,disappoint nolan,Neutral
219,quit possibl best nolan movi,Positive
220,mid,Neutral
221,unpopular opinion diehard nolan fan,Neutral
222,hour long,Negative
223,perfect,Positive
224,masterpiec,Neutral
225,good great worth watch,Positive
226,fill numer scene unfold high speed make difficult catch everi dialogu,Negative
227,warn nolan fan,Neutral
228,cours great best,Positive
229,sloppi distract close shot,Neutral
230,good slow,Positive
231,amaz movi technic long bit meh stori,Negative
232,call oppenheim trial,Neutral
233,mayb nolan best work,Positive
234,great movi review den,Positive
235,bomb,Neutral
236,gen z,Neutral
237,bad tad long short physic,Negative
238,import film current centuri,Neutral
239,worth runtim,Positive
240,singl greatest accomplish hollywood last year,Positive
241,ill bet that jack quaid richard feynman play bongo drum,Negative
242,wow magnific new favourit film,Positive
243,excit full paradox haunt,Positive
244,watch,Neutral
245,lost track time,Neutral
246,atom bomb movi noth atom bomb,Neutral
247,classic cinematographi back,Positive
248,bit underwhelm,Neutral
249,three hour much,Positive
250,good entertain,Positive
251,nolanesqu,Neutral
252,oppenheim mighti fine histor film come,Positive
253,cinema masterpiec,Neutral
254,magnific biopic,Neutral
255,becom death destroy world,Negative
256,fine wellcast polish interest long dryish biopic,Positive
257,honest folk,Positive
258,captiv drama strong perform,Positive
259,epic mani way miss much potenti,Positive
260,whole movi feel like trailer documentari,Positive
261,oppenheim,Neutral
262,oppenheim might seem like departur director best known epic scienc fiction trilog comic book movi possibl masterpiec,Positive
263,fantast cast,Neutral
264,oppenheim captiv cinemat journey histori dark secret,Negative
265,interest,Neutral
266,masterpiec film,Neutral
267,insan good,Positive
268,almost walk,Neutral
269,nolan,Neutral
270,cool concept interest seem histor accur,Positive
271,thought dull dishwash,Negative
272,best movi year one great war movi time,Positive
273,thrill enthral cinemat event,Neutral
274,excepcion,Neutral
275,modern classic,Positive
276,nerd like mcu aveng except superhero scientist obvious christoph nolan,Neutral
277,intens charact studi father atom bomb nolan utterli terrifi masterpiec,Neutral
278,honest review,Positive
279,good great,Positive
280,amaz cast,Neutral
281,almost brilliant jumbl lightn fast struggl keep detail,Positive
282,oppenheim overr film year,Neutral
283,truli amaz,Neutral
284,outstand movi,Neutral
285,movi without proport,Neutral
286,bomb com,Neutral
287,movi scienc action,Positive
288,clever also heart,Positive
289,oppenheim,Neutral
290,good,Positive
291,masterpiec overr overhyp need set expect beforehand,Neutral
292,meander biographi disappoint,Neutral
293,masterpiec,Neutral
294,excel movi read histori first,Positive
295,pay attent outstand,Neutral
296,greatest cinema year,Positive
297,dutch great movi though,Positive
298,cristoph nolan film,Neutral
299,so dont get excit due nolan save time repeat save time,Negative
300,christoph nolan,Neutral
301,watch entir movi hold breath reserv regard montag,Neutral
302,cold long histori lesson,Negative
303,loud loud,Positive
304,visual sound design make movi,Positive
305,brilliant script intens rivet screenplay dialogu,Positive
306,movi quantum scienc,Neutral
307,christoph nolan absolut best work,Positive
308,cgi good write good act,Positive
309,cillian murphi steal show,Neutral
310,need dont,Neutral
311,masterpiec go cinema,Neutral
312,flopenheim,Neutral
313,dont feel need follow hurd,Neutral
314,emperor new cloth,Positive
315,greatest film time,Positive
316,nolan masterclass phenomen perform across board harrow truth one human brilliant yet deadli discoveri,Positive
317,masterpiec sea pseudomovi,Neutral
318,believ,Neutral
319,exceed expect,Neutral
320,surprisingli bore,Neutral
321,expect,Neutral
322,swing miss,Neutral
323,god,Neutral
324,nolan magnum opu,Neutral
325,masterpiec understand,Neutral
326,film inspir gener film maker,Neutral
327,nolan dont miss,Neutral
328,boom,Neutral
329,emtpi,Neutral
330,care,Neutral
331,well done cast crew,Neutral
332,fallout modern biopic,Positive
333,overr like nolan film,Neutral
334,test patienc hr nonsens,Neutral
335,excel surpass,Neutral
336,k movi review,Neutral
337,cillian murphi christoph nolan,Neutral
338,relentless ride,Neutral
339,complex,Negative
340,definit well worth invest hour,Positive
341,great booooor,Positive
342,import movi like lot,Neutral
343,hollywood hype,Neutral
344,great subject dread film,Positive
345,impress couldv much better,Positive
346,one best film cinema histori,Positive
347,long slog histori blow qualiti genr,Negative
348,cillian murphi,Neutral
349,haunt beauti piec stori tell,Neutral
350,great movi flaw,Positive
351,way long reason,Negative
352,perfect,Positive
353,okay probabl worth extra cost watch imax,Positive
354,highli overr film obnoxi loud soundtrack,Positive
355,read singl book,Neutral
356,absolut masterpiec,Neutral
357,christoph nolan final give cillian murphi lead role excel,Neutral
358,scientif masterpiec,Neutral
359,let art speak list excerpt,Neutral
360,could movi ham sandwich,Neutral
361,bomb,Neutral
362,deafen sound effect ruin film,Positive
363,overr solid,Neutral
364,overhyp,Neutral
365,floppenheim,Neutral
366,nolanonc,Neutral
367,theori get far,Positive
368,wow,Positive
369,exceed expect wow,Positive
370,kill thrill chill stori atom bomb,Neutral
371,good long,Positive
372,best movi ive ever seen,Positive
373,hype deliv,Neutral
374,imax unnecessari,Neutral
375,fell asleep,Neutral
376,honestli yawn,Neutral
377,nolan slip first time garbag,Positive
378,masterpiec christoph nolan film rememb forev,Neutral
379,gonna win ton award next spring,Positive
380,three hour pure happi,Positive
381,christoph nolan magnum opu still one best work histori,Positive
382,must see film put front row center atom bomb,Negative
383,follow plot complic sake complic artist,Neutral
384,masterpiec,Neutral
385,took tri get,Neutral
386,sorri must watch differ film everyon el,Neutral
387,oscar go,Neutral
388,nolan deliv anoth monstrou spectacl,Neutral
389,masterpiec infinit goosebump,Neutral
390,excel movi,Neutral
391,arguabl best movi year,Positive
392,minut destroy run time,Negative
393,critic review,Neutral
394,cillian murphi brilliant chri nolan best,Positive
395,movi overr offic polit,Neutral
396,bore without scienc,Neutral
397,overr movi histori hollywood,Neutral
398,masterpiec effortless act,Neutral
399,one great piec cinema time,Positive
400,peak cinema,Neutral
401,worth everi spent penni,Positive
402,experi lifetim,Neutral
403,oppenheim win oblig less outstand filmmak,Positive
404,great idea disappoint execut,Positive
405,simpli marvel film make act,Neutral
406,great act bore lengthi stori,Positive
407,disjoint,Neutral
408,surprisingli didnt like,Neutral
409,beauti portrait conflict man save world,Neutral
410,oppenheim film leav unsettl,Neutral
411,histori buff film nerd movi masterpiec,Neutral
412,interest storytel cinematographi direct realli well,Positive
413,becom death destroy world,Negative
414,h could done,Neutral
415,best movi,Positive
416,somewhat disappoint,Neutral
417,selfawar entertain,Neutral
418,excel,Neutral
419,good movi worth hype,Positive
420,exhaust worth,Positive
421,instant gratif cultur,Neutral
422,good histor movi,Positive
423,excel movi nolan best,Positive
424,audienc educ nolan didnt due dillig,Negative
425,beauti perform need edit,Neutral
426,say ye oppnenheim,Neutral
427,mix bag ye bore,Neutral
428,overr movi year,Neutral
429,true mileston cinema histori,Positive
430,masterpiec inde,Neutral
431,best,Positive
432,couldnt take eye screen,Neutral
433,christoph nolan done,Neutral
434,great movi,Positive
435,sound edit real hero film,Positive
436,awesom expect,Neutral
437,bore,Neutral
438,modern masterpiec except like minut,Positive
439,anoth brilliant nolan deliveri,Positive
440,lose memori three hour,Neutral
441,oscar worthi,Neutral
442,simpli except,Neutral
443,absolut must see,Neutral
444,christoph nolan becom prankster,Neutral
445,peopl call bore watch someth el,Neutral
446,pretti good emot grey,Positive
447,unpopular view bore,Neutral
448,complic life j robert oppenheim,Neutral
449,misconcept blown away film deserv long run time,Negative
450,haunt tale haunt triumph,Neutral
451,there noth wors histori wrong side,Negative
452,overal,Neutral
453,christoph nolan make best film yet cillian murphi deliv outstand perform,Positive
454,usual christoph nolan movi,Negative
455,openheim sushi cinema,Neutral
456,best film,Positive
457,long confus dispar mess,Negative
458,chri nolan continu war cinemago buttock,Neutral
459,peak cinema,Neutral
460,score win,Positive
461,christoph nolan oppenheim transcend cinemat boundari captiv blend histori scienc emot,Neutral
462,except work art,Neutral
463,masterpiec movi centuri,Neutral
464,good great,Positive
465,nolan stay away histor product,Neutral
466,oh god,Neutral
467,lot,Neutral
468,bore,Neutral
469,brilliant,Positive
470,one best movi simpli outstand,Positive
471,nolan best work ever movi decad,Positive
472,cinemat masterpiec,Neutral
473,wow differ nolan approach leav stuck chair,Positive
474,cinemat masterpiec,Neutral
475,expect,Neutral
476,absolut masterpiec,Neutral
477,fall nolan,Neutral
478,that even good movi,Positive
479,great film easi watch,Positive
480,nolan geniu,Neutral
481,christoph nolan strike,Neutral
482,piec auster beauti cinema,Neutral
483,must see,Neutral
484,made otheroppi oppi oppi,Neutral
485,confusionheim,Neutral
486,highlight nolan career,Neutral
487,doesnt deserv anyth higher imdb,Positive
488,definit overr,Neutral
489,biographi documentari,Neutral
490,truli epic,Positive
491,oppenheim nolan magnum opu,Neutral
492,wow,Positive
493,good movi,Positive
494,incred,Neutral
495,mani good actor lost pretenti mess,Positive
496,fantast,Neutral
497,better tenet guess,Positive
498,bloat artless big disappoint,Neutral
499,incred,Neutral
500,top notch cinema,Positive
501,nolan best work yet,Positive
502,brilliant portrait scientif geniu,Positive
503,becom death destroy world,Negative
504,movi year,Neutral
505,meh,Neutral
506,oppenheimeran import tough watch,Negative
507,four major flaw vastli overprais film,Positive
508,visual spectacl intens court room drama,Neutral
509,claim bright spot cinema histori,Positive
510,chang life,Neutral
511,wonder craft,Neutral
512,christoph nolan made masterpiec,Neutral
513,wow film,Positive
514,rare hand ten,Positive
515,difficult digest even read american prometheu,Negative
516,must watch absolut phenomen done,Neutral
517,someth want rewatch,Neutral
518,bore mind,Neutral
519,artist biopic,Neutral
520,movi,Neutral
521,beauti movi,Neutral
522,truli thriller,Neutral
523,chri never disappoint,Neutral
524,good film mayb someday ill regain hear,Positive
525,physic stori,Neutral
526,dialogu day,Neutral
527,dont let gaslight,Neutral
528,perfect cimemat experi imax,Positive
529,master piec,Neutral
530,anoth masterpiec,Neutral
531,christoph nolan master,Neutral
532,histori never ceas amaz,Neutral
533,oppenheim biograph thriller,Neutral
534,moment bit slow,Negative
535,compel thought provok biopic,Neutral
536,overhyp good,Positive
537,mani long stretch stake,Negative
538,simpl review,Neutral
539,review,Neutral
540,nolan tackl biopic,Neutral
541,prometheus god oppenheim human,Neutral
542,american prometheu,Neutral
543,thrill uniqu cinemat experi,Neutral
544,world longest trailer,Neutral
545,epic eyeopen account creation atom bomb,Positive
546,nolan need reign bit,Neutral
547,expect except robert downey jr character,Neutral
548,father atom bomb fission,Neutral
549,dull movi masterpiec other,Negative
550,worth watch let down,Positive
551,tale prometheu ozymandia,Neutral
552,mesmer slow burn nolan brilliant oppenheim,Positive
553,unintend father atom bomb,Neutral
554,overcook,Neutral
555,sharpen brain learn art ot patient understand actual art,Neutral
556,someon tell truth,Neutral
557,good,Positive
558,good masterpiec,Positive
559,barbenheim,Neutral
560,speechless,Neutral
561,top nolan film oat,Positive
562,perfect,Positive
563,import film watch especi new context uap disclosur,Positive
564,captiv intrigu difficult stop watch,Negative
565,oppenheim wikipedia dump,Neutral
566,run dont walk see movi,Neutral
567,dont confus like,Neutral
568,avoid,Neutral
569,christoph nolan magnum opu,Neutral
570,masterpiec christoph nolan one mean,Negative
571,simpl,Neutral
572,good complic,Positive
573,long interest realli dutch,Negative
574,must watch theatr,Neutral
575,dont get love,Positive
576,cinema,Neutral
577,polit bomb,Neutral
578,didnt entertain inform,Neutral
579,nolan done,Neutral
580,brilliant direct documentri drama,Positive
581,thoughtprovok glimps histori human ethic dilemma,Neutral
582,war histori,Neutral
583,aweinspir theatric experi,Neutral
584,masterpiec,Neutral
585,impress,Neutral
586,nolan,Neutral
587,indigest,Neutral
588,talk talk talk,Neutral
589,great histor movi produc right time,Positive
590,beyond anyth ever experienc theater,Neutral
591,oscar worthi film perform,Neutral
592,run manhattan project,Neutral
593,decent experi still perfect,Positive
594,epic matur spectacl,Positive
595,one best movi ever made,Positive
596,expect much nolan epic scene,Positive
597,masterpiec,Neutral
598,great stori poorli told,Positive
599,beyond bore,Neutral
600,serious,Negative
601,oppenheim,Neutral
602,best movi year,Positive
603,good work,Positive
604,noth el say,Neutral
605,took day realiz extraordinari,Neutral
606,marvel win oscar challeng watch,Positive
607,clinic biopic lack soul,Neutral
608,absorb extrem wellact fascin subject,Negative
609,good somewhat overr,Positive
610,bore bore bore,Neutral
611,great perform sound much ado use cgi,Positive
612,better typic nolan fare,Positive
613,watch oppenheim,Neutral
614,absolut masterpiec,Neutral
615,becom death destroy world,Negative
616,despit hype incred,Neutral
617,great movi event drawn bore,Positive
618,heartpound experi,Neutral
619,well done much one film,Positive
620,brilliant act brilliant movi,Positive
621,truli existenti crisi give film,Neutral
622,lot,Neutral
623,masterpiec intend audienc,Neutral
624,cillian least get nomin,Negative
625,movi made realiz everyon turn littl kid,Neutral
626,greatest cinemat event life,Positive
627,brilliant film,Positive
628,fairli good movi right overr,Positive
629,christoph nolan dazzl u product base true event impact mind like other,Negative
630,check watch,Neutral
631,anoth miss opportun,Neutral
632,oppenheim masterpiecebut,Neutral
633,beauti work seen,Neutral
634,stun thoughtprovok brilliant,Positive
635,nolan masterpiec,Neutral
636,brilliant filmmak,Positive
637,brillanttio excepion watch,Neutral
638,dont expect tradit nolan thrill,Neutral
639,dont get unnecessari hype,Neutral
640,well made left bit flat,Negative
641,one nolan best work,Positive
642,oscar,Neutral
643,move compel film,Neutral
644,destroy world,Negative
645,hear music,Neutral
646,interest issu,Neutral
647,good overhyp long bore,Positive
648,beauti made movi,Neutral
649,jumpi loud,Positive
650,dont believ hype,Neutral
651,one favourit movi,Neutral
652,man gave power destroy,Negative
653,equival interstellar,Neutral
654,film make best,Positive
655,love,Positive
656,great movi,Positive
657,good great edit sound star,Positive
658,go watch unravel masterpiec,Neutral
659,shallow movi deep subject,Negative
660,pretenti overr,Neutral
661,multi oscar pictur,Neutral
662,wolrd oppenheim,Neutral
663,oppenheim take guilt trip mind scientist,Neutral
664,oppenheim gener titan cinema,Neutral
665,perfect,Positive
666,beauti,Neutral
667,drama movi turn mysteri,Neutral
668,best movi ever seen,Positive
669,horribl dialogu sound issu,Positive
670,convolut score long detriment didnt live hype,Positive
671,good movi,Positive
672,incred polit drama light spoiler,Positive
673,master work master director,Neutral
674,beauti relentless inspir,Neutral
675,rare uniqu experi,Positive
676,amaz movi,Neutral
677,expect much,Positive
678,oppenheim captiv cinemat journey histori dark secret,Negative
679,admit bit disappoint,Neutral
680,documentarynot movi,Neutral
681,hold breath cillian murphi spectacular,Positive
682,amaz,Neutral
683,immers experi,Neutral
684,possibl best film ever seen,Positive
685,masterpiec,Neutral
686,documentari reinvent nolan,Neutral
687,dont care get oscar anymor,Neutral
688,win award,Positive
689,minut long,Negative
690,boooor,Neutral
691,masterpiec,Neutral
692,thoughtprovok film,Neutral
693,true classic futur,Positive
694,expens movi fail speak proper dutch one minut,Negative
695,well made film,Neutral
696,absolut masterpiec,Neutral
697,,Neutral
698,easi without doubt,Neutral
699,nolan expect way much fan,Positive
700,nolan style kind stori,Positive
701,oppenheim cinemat marvel stellar perform,Positive
702,struggl man intellig good,Positive
703,cinemat masterpiec captiv unforgett,Neutral
704,coukd take eye screen,Neutral
705,amaz,Neutral
706,best act cinematographi ive seen long long time,Positive
707,destroy world,Negative
708,potenti brilliant film spoilt much loud background music,Positive
709,intrigu film focus viewer,Neutral
710,damn decent autobiographi wow massiv overr expect much,Positive
711,thrill seeker bewar one bore dud,Neutral
712,bad great,Positive
713,snooz fest dont think,Neutral
714,j robert oppenheim illumin brillianc,Neutral
715,best film,Positive
716,hole rip open cant breath,Neutral
717,im histori fan,Neutral
718,chain reaction,Neutral
719,good thing bad thing bit disappoint,Positive
720,father atom,Neutral
721,expect definit imax worthi,Neutral
722,piec trash salt great actor,Positive
723,stori need told,Neutral
724,truli masterpiec,Neutral
725,treat scienc histori lover,Neutral
726,human amaz terrifi,Neutral
727,beauti,Neutral
728,oppenheim stand one decad captiv film serv remind cinema endeavor requir hard work persever,Negative
729,choppi distract direct,Positive
730,except,Neutral
731,bad great either,Positive
732,nolan tri best still biographi,Positive
733,best two except,Positive
734,nolan masterclass,Neutral
735,one nolan best perhap person import film,Positive
736,nolan epic effort,Positive
737,captiv complex film one histori influenti figur,Negative
738,masterpiec,Neutral
739,mix bag nolan,Neutral
740,great movi,Positive
741,go grain,Neutral
742,main theme film,Positive
743,bomb good entertain,Positive
744,good movi,Positive
745,amaz intrigu slight downsid,Negative
746,nolan absolut highest capac,Neutral
747,brilliant film may find bore,Positive
748,phenomen,Neutral
749,well act well shot fall short,Neutral
750,greatest movi year,Positive
751,long uneven,Negative
752,complic movi complic man,Neutral
753,murphi brilliant,Positive
754,nolan magnum opu,Neutral
755,nolan best far,Positive
756,classic nolan art,Positive
757,strong movi stori want see,Positive
758,masterpiec everi sen word,Neutral
759,long wind,Negative
760,bore,Neutral
761,christoph nolan deliv,Neutral
762,easili greatest film year,Positive
763,intellectu stimul,Neutral
764,except film best year,Positive
765,spectacular film,Positive
766,extraordinari,Neutral
767,your seek action drama cgi move,Positive
768,certainli hope film wakeup call,Neutral
769,looooonnnngggg,Neutral
770,movi netflix cinema disappoint,Neutral
771,got amaz,Neutral
772,father atom bomb,Neutral
773,cinema,Neutral
774,movi year,Neutral
775,nolan magnum opu cinephil wet dream,Negative
776,forev rememb first time watch oppenheim,Positive
777,bore movi selfindulg hr trailer best,Positive
778,masterpiec,Neutral
779,cinema masterpiec,Neutral
780,bioepic,Neutral
781,perfect,Positive
782,mind explod,Neutral
783,wow power engaga movi,Positive
784,good movi excel actor nolan bit disappoint,Positive
785,j robert oppenheim martyr,Neutral
786,good technic great emot land short classic,Positive
787,bore af,Neutral
788,exemplari movi,Neutral
789,shaken masterpiec everi sen word,Neutral
790,brilliant perform brilliant direct multipl view requir,Positive
791,oppenheim simpli best film one nolan best work,Positive
792,lewi strauss meet theoret physic godzilla,Neutral
793,good film great film there masterpiec latter,Positive
794,overli long overr,Negative
795,breathtak,Neutral
796,men talkingth movi,Neutral
797,ridicul rate,Neutral
798,nolan masterpiec,Neutral
799,involv epic,Positive
800,best movi ever,Positive
801,oppenheim intern struggl man duti husband patriot scientist human,Neutral
802,brilliantli act film written edit deliv,Neutral
803,oscar blockbust imax film,Neutral
804,decent great,Positive
805,spectacular,Positive
806,serious overr,Negative
807,call nolan rather oppenheim make rate higher,Positive
808,magnific,Neutral
809,oppenheim simpli blown mind,Neutral
810,long last never bore,Negative
811,simpli cinemat masterpiec,Neutral
812,deserv oscar winner,Neutral
813,without shadow doubt christoph nolan best film sinc releas incept,Positive
814,goodbut great,Positive
815,visual spectacl revolut cinema recent year courtesi mr nolan,Neutral
816,barbenheim barbi ken diffus abomb,Neutral
817,bore watch long trailer favorit actor shake hand,Negative
818,oppenheim magnum opu intellectu excel,Neutral
819,sir christoph nolan man love never freak disappoint hype movi sir,Positive
820,see cinema,Neutral
821,experi,Neutral
822,stun,Neutral
823,mesmer masterpiec mr nolan take bow sir,Neutral
824,stylist annoy,Neutral
825,oppenheim fast pace histori movi extrem long runtim,Positive
826,visual stun somewhat breathless,Neutral
827,commi commi,Neutral
828,man chang world cinema,Neutral
829,ever rate film one,Neutral
830,power,Neutral
831,interstellar one nolan best work,Positive
832,best movi ive seen long time,Positive
833,import film ever made,Neutral
834,didnt match expect,Neutral
835,nolan done,Neutral
836,oppenheim overhyp epic fall short expect overstay welcom,Positive
837,tell stori god sake,Neutral
838,cinematograph wet dream,Negative
839,,Neutral
840,defenit worth,Positive
841,spectacular feat filmmak,Positive
842,incred import movi,Neutral
843,devastatingli beauti,Neutral
844,possibl bomb bomb,Neutral
845,best movi seen mani year,Positive
846,second watch alway best nolan skip exhaust part,Positive
847,unimpress,Neutral
848,total disappoint,Neutral
849,pretti much perfect,Positive
850,aweinspir triumph christoph nolan oppenheim,Neutral
851,wow,Positive
852,masterpiec,Neutral
853,nolanmurphi masterpiec,Neutral
854,meh okish part problemat subtext,Neutral
855,import part histori,Neutral
856,starstud cast bring dialog heavi biopic,Neutral
857,well market snooz fest,Neutral
858,cinemat integr,Neutral
859,cinema viscer form,Neutral
860,modern day masterpiec,Positive
861,ramus malek,Neutral
862,one nolan best,Positive
863,bombast cinema experi,Neutral
864,one win,Positive
865,like go mine,Neutral
866,anoth win christoph nolan,Positive
867,well tad rate,Neutral
868,bore attempt creat sympathi villain,Neutral
869,film even better nd time,Positive
870,favorit christoph nolan movi,Neutral
871,cinema personifi incred movi,Neutral
872,best film,Positive
873,unforgett work geniu,Neutral
874,nolan best film date,Positive
875,expect,Neutral
876,jewel nolan filmographi,Neutral
877,went see quot peopl silent film,Neutral
878,rather watch parent go sit,Neutral
879,master imax experi,Neutral
880,astound special effect,Positive
881,magnific cinematographi,Neutral
882,timeless masterpiec,Neutral
883,best realli best,Positive
884,go cinema,Neutral
885,hard dedic book,Negative
886,one best,Positive
887,dud,Neutral
888,end nolan,Neutral
889,grab hold demand keep,Neutral
890,first film covid actual deliv,Positive
891,great experi,Positive
892,deserv best pictur,Positive
893,nolan best movi,Positive
894,honey made donkey mouth,Neutral
895,jumbl storytel relev messag,Neutral
896,compel thoughtprovok,Neutral
897,fine craft well present tiresom,Positive
898,bore disjoint renam floppenheim,Neutral
899,immers tale famou physicist,Neutral
900,biopic record,Neutral
901,masterli,Neutral
902,watch,Neutral
903,best work nolan,Positive
904,describ cinemat excel,Neutral
905,could given movi problem,Neutral
906,oppenheim action biografi,Positive
907,hour bleak exposit,Negative
908,overr film alltim,Neutral
909,nolan refin tool deliv masterpiec,Neutral
910,take time process,Neutral
911,excel biographi mani way,Neutral
912,openheim masterpiec unveil depth human complex,Negative
913,appreci oppenheim,Neutral
914,god film,Neutral
915,worst nolan movi,Negative
916,difficult follow captiv film incred element,Negative
917,overhyp f,Neutral
918,beyond tediou wast opportun,Neutral
919,openheim mindbend masterpiec,Neutral
920,excel movi,Neutral
921,masterpiec,Neutral
922,intens movi,Neutral
923,oppenheim,Neutral
924,breathtakingli beauti,Neutral
925,underwhelm,Neutral
926,hyperbol,Neutral
927,disappoint wide shallow swath,Negative
928,confus bore,Neutral
929,take time tell good stori one took time worth,Positive
930,great movi wont see,Positive
931,incred experi cinema art one draw never let go,Neutral
932,movi,Neutral
933,soundtrack hit hard,Negative
934,cinemat masterpiec,Neutral
935,classic hollywood hype,Positive
936,perfectli explos dialogu visual stori,Neutral
937,lead marathon fall final mile,Neutral
938,terribl disappoint,Neutral
939,power stay shadow,Neutral
940,oppenheim visual symphoni artist triumph,Neutral
941,question aris fil,Neutral
942,nearperfect biopic demand attent,Neutral
943,wont fear understand wont understand theyv use,Neutral
944,wonder remind art filmmak,Neutral
945,read book instead,Neutral
946,becom death destroy world,Negative
947,struggl film,Neutral
948,oppenheim visual well thought complex masterpiec,Negative
949,great movi great act histori,Positive
950,film command attent respect,Neutral
951,rivet explor geniu moral,Neutral
952,nolan magnum opu,Neutral
953,pinnacl nolan directori talent,Neutral
954,sure feel bore,Positive
955,christoph nolan next masterpiec,Neutral
956,standard film qualiti declin,Neutral
957,point creat movi,Neutral
958,celebr intellectu movi,Neutral
959,oppenheim masterclass intellig engag cinemat storytel,Neutral
960,intellectu emot,Neutral
961,great movi nolan fast moment okay peopl dont like movi stay away peopl,Positive
962,great pictur support nuclearfre world,Positive
963,fast pace overwhelm,Positive
964,poignant stori overwhelm exhaust score convolut edit,Neutral
965,best film christoph nolan,Positive
966,physic,Neutral
967,bore movi,Neutral
968,leav time think movi,Neutral
969,brilliant,Positive
970,movi chang sure process,Positive
971,except act small shortcom cinematographi storytel,Negative
972,nolan make audienc think like end incept,Neutral
973,best hour film ive seen,Positive
974,long worth see,Positive
975,breathtak,Neutral
976,overhyp,Neutral
977,nolan fan bore,Neutral
978,review,Neutral
979,stun unlik anyth ive experienc movi,Neutral
980,give man oscar,Neutral
981,world chang reform oppenheim cillian murphi moment,Neutral
982,terrif work,Neutral
983,superb cast sick shot great stori,Positive
984,low expect go,Neutral
985,fantast,Neutral
986,long gener biopic,Negative
987,edit style irrit left,Neutral
988,oppenheim cinemat experi youll rememb forev,Neutral
989,one import movi histori cinema,Neutral
990,nolan best yet,Positive
991,need flavour caiyenn pepper paprika instead got thyme basil,Neutral
992,youv never seen film like oppenheim,Neutral
993,wrong pictur,Negative
994,hour least consequenti thing happen ww,Negative
995,deserv hype accolad futur oscar come,Neutral
996,gari oldman truman biopic plea,Neutral
997,nolan direct movi would rate,Positive
998,make hour film bomb interest,Neutral
999,christoph nolan oppenheim masterpiec,Neutral
1000,go watch,Neutral
